AACG - ATA Creativity Global|AADI - Aadi Bioscience, Inc|AAL - American Airlines Group, Inc|AAME - Atlantic American Corporation|AAOI - Applied Optoelectronics, Inc|AAON - AAON, Inc|AAPL - Apple Inc|ABAT - American Battery Technology Com|ABEO - Abeona Therapeutics Inc|ABIO - ARCA biopharma, Inc|ABTS - Abits Group Inc|ABUS - Arbutus Biopharma Corporation|ABVC - ABVC Biopharma, Inc|ACAD - ACADIA Pharmaceuticals Inc|ACB - Aurora Cannabis Inc|ACET - Adicet Bio, Inc|ACGL - Arch Capital Group Ltd|ACGLO - Arch Capital Group Ltd  Depos|ACHC - Acadia Healthcare Company, Inc|ACHV - Achieve Life Sciences, Inc|ACIC - American Coastal Insurance Corp|ACIU - AC Immune SA|ACIW - ACI Worldwide, Inc|ACLS - Axcelis Technologies, Inc|ACMR - ACM Research, Inc|ACNB - ACNB Corporation|ACNT - Ascent Industries Co|ACRS - Aclaris Therapeutics, Inc|ACST - Acasti Pharma, Inc|ACTG - Acacia Research Corporation|ADAP - Adaptimmune Therapeutics plc|ADBE - Adobe Inc|ADD - Color Star Technology Co, Ltd|ADEA - Adeia Inc|ADI - Analog Devices, Inc|ADIL - Adial Pharmaceuticals, Inc|ADMA - ADMA Biologics Inc|ADN - Advent Technologies Holdings, I|ADP - Automatic Data Processing, Inc|ADPT - Adaptive Biotechnologies Corpor|ADSK - Autodesk, Inc|ADTN - ADTRAN Holdings, Inc|ADUS - Addus HomeCare Corporation|ADV - Advantage Solutions Inc|ADVM - Adverum Biotechnologies, Inc|ADXN - Addex Therapeutics Ltd|AEHL - Antelope Enterprise Holdings Li|AEHR - Aehr Test Systems|AEIS - Advanced Energy Industries, Inc|AEMD - Aethlon Medical, Inc|AEP - American Electric Power Company|AEYE - AudioEye, Inc|AFBI - Affinity Bancshares, Inc|AFMD - Affimed NV|AFYA - Afya Limited|AGAE - Allied Gaming & Entertainment I|AGBA - AGBA Group Holding Limited|AGEN - Agenus Inc|AGIO - Agios Pharmaceuticals, Inc|AGMH - AGM Group Holdings Inc|AGNC - AGNC Investment Corp|AGNCM - AGNC Investment Corp  Deposit|AGNCN - AGNC Investment Corp  Deposit|AGNCO - AGNC Investment Corp  Deposit|AGNCP - AGNC Investment Corp  Deposit|AGYS - Agilysys, Inc|AHCO - AdaptHealth Corp|AHG - Akso Health Group|AIFF - Firefly Neuroscience, Inc|AIHS - Senmiao Technology Limited|AIOT - PowerFleet, Inc|AIRG - Airgain, Inc|AIRT - Air T, Inc|AIRTP - Air T, Inc  Trust Preferred S|AKAM - Akamai Technologies, Inc|AKBA - Akebia Therapeutics, Inc|AKRO - Akero Therapeutics, Inc|AKTS - Akoustis Technologies, Inc|AKTX - Akari Therapeutics Plc|ALAR - Alarum Technologies Ltd|ALBT - Avalon GloboCare Corp|ALCO - Alico, Inc|ALDX - Aldeyra Therapeutics, Inc|ALEC - Alector, Inc|ALGN - Align Technology, Inc|ALGT - Allegiant Travel Company|ALIM - Alimera Sciences, Inc|ALKS - Alkermes plc|ALLK - Allakos Inc|ALLO - Allogene Therapeutics, Inc|ALLT - Allot Ltd|ALNT - Allient Inc|ALNY - Alnylam Pharmaceuticals, Inc|ALOT - AstroNova, Inc|ALPP - Alpine 4 Holdings, Inc|ALRM - Alarmcom Holdings, Inc|ALRN - Aileron Therapeutics, Inc|ALRS - Alerus Financial Corporation|ALT - Altimmune, Inc|ALTO - Alto Ingredients, Inc|ALTR - Altair Engineering Inc|ALTS - ALT5 Sigma Corporation|AMAL - Amalgamated Financial Corp|AMAT - Applied Materials, Inc|AMBA - Ambarella, Inc|AMCX - AMC Networks Inc|AMD - Advanced Micro Devices, Inc|AMED - Amedisys Inc|AMGN - Amgen Inc|AMKR - Amkor Technology, Inc|AMLI - American Lithium Corp|AMPH - Amphastar Pharmaceuticals, Inc|AMRK - AMark Precious Metals, Inc|AMRN - Amarin Corporation plc|AMRX - Amneal Pharmaceuticals, Inc|AMSC - American Superconductor Corpora|AMSF - AMERISAFE, Inc|AMSWA - American Software, Inc|AMTX - Aemetis, Inc|AMWD - American Woodmark Corporation|AMZN - Amazoncom, Inc|ANAB - AnaptysBio, Inc|ANDE - The Andersons, Inc|ANGI - Angi Inc|ANGO - AngioDynamics, Inc|ANIK - Anika Therapeutics Inc|ANIP - ANI Pharmaceuticals, Inc|ANIX - Anixa Biosciences, Inc|ANSS - ANSYS, Inc|ANTE - AirNet Technology Inc|ANY - Sphere 3D Corp|AOSL - Alpha and Omega Semiconductor L|APA - APA Corporation|APCX - AppTech Payments Corp|APDN - Applied DNA Sciences, Inc|APEI - American Public Education, Inc|APLS - Apellis Pharmaceuticals, Inc|APLT - Applied Therapeutics, Inc|APM - Aptorum Group Limited|APOG - Apogee Enterprises, Inc|APPF - AppFolio, Inc|APPN - Appian Corporation|APPS - Digital Turbine, Inc|APRE - Aprea Therapeutics, Inc|APTO - Aptose Biosciences, Inc|APVO - Aptevo Therapeutics Inc|APWC - Asia Pacific Wire & Cable Corpo|APYX - Apyx Medical Corporation|AQB - AquaBounty Technologies, Inc|AQMS - Aqua Metals, Inc|AQST - Aquestive Therapeutics, Inc|ARAY - Accuray Incorporated|ARCB - ArcBest Corporation|ARCC - Ares Capital Corporation|ARCT - Arcturus Therapeutics Holdings |ARDX - Ardelyx, Inc|AREC - American Resources Corporation|ARGX - argenx SE|ARKO - ARKO Corp|ARKR - Ark Restaurants Corp|ARLP - Alliance Resource Partners, LP|AROW - Arrow Financial Corporation|ARQ - Arq, Inc|ARQT - Arcutis Biotherapeutics, Inc|ARTL - Artelo Biosciences, Inc|ARTNA - Artesian Resources Corporation|ARTW - Art'sWay Manufacturing Co, In|ARVN - Arvinas, Inc|ARWR - Arrowhead Pharmaceuticals, Inc|ASLE - AerSale Corporation|ASMB - Assembly Biosciences, Inc|ASML - ASML Holding NV  New York Re|ASND - Ascendis Pharma A/S|ASPS - Altisource Portfolio Solutions |ASRT - Assertio Holdings, Inc|ASRV - AmeriServ Financial Inc|ASTC - Astrotech Corporation|ASTE - Astec Industries, Inc|ASTH - Astrana Health Inc|ASTS - AST SpaceMobile, Inc|ASUR - Asure Software Inc|ASYS - Amtech Systems, Inc|ATEC - Alphatec Holdings, Inc|ATER - Aterian, Inc|ATEX - Anterix Inc|ATHE - Alterity Therapeutics Limited|ATIF - ATIF Holdings Limited|ATLC - Atlanticus Holdings Corporation|ATLO - Ames National Corporation|ATNF - 180 Life Sciences Corp|ATNI - ATN International, Inc|ATOM - Atomera Incorporated|ATOS - Atossa Therapeutics, Inc|ATRA - Atara Biotherapeutics, Inc|ATRC - AtriCure, Inc|ATRO - Astronics Corporation|ATSG - Air Transport Services Group, I|ATXG - Addentax Group Corp|ATXI - Avenue Therapeutics, Inc|ATXS - Astria Therapeutics, Inc|ATYR - aTyr Pharma, Inc|AUBN - Auburn National Bancorporation,|AUDC - AudioCodes Ltd|AUPH - Aurinia Pharmaceuticals Inc|AUTL - Autolus Therapeutics plc|AVAV - AeroVironment, Inc|AVDL - Avadel Pharmaceuticals plc|AVGO - Broadcom Inc|AVGR - Avinger, Inc|AVNW - Aviat Networks, Inc|AVPT - AvePoint, Inc|AVT - Avnet, Inc|AVTX - Avalo Therapeutics, Inc|AVXL - Anavex Life Sciences Corp|AWH - Aspira Women's Health Inc|AWRE - Aware, Inc|AXDX - Accelerate Diagnostics, Inc|AXGN - AxoGen, Inc|AXNX - Axonics, Inc|AXON - Axon Enterprise, Inc|AXSM - Axsome Therapeutics, Inc|AXTI - AXT Inc|AY - Atlantica Sustainable Infrastru|AYRO - AYRO, Inc|AYTU - Aytu BioPharma, Inc|AZN - Astrazeneca PLC|AZPN - Aspen Technology, Inc|AZTA - Azenta, Inc|BACK - IMAC Holdings, Inc|BAND - Bandwidth Inc|BANF - BancFirst Corporation|BANR - Banner Corporation|BANX - StoneCastle Financial Corp|BATRA - Atlanta Braves Holdings, Inc |BATRK - Atlanta Braves Holdings, Inc |BBCP - Concrete Pumping Holdings, Inc|BBGI - Beasley Broadcast Group, Inc|BBIO - BridgeBio Pharma, Inc|BBSI - Barrett Business Services, Inc|BCAL - California BanCorp|BCBP - BCB Bancorp, Inc (NJ)|BCDA - BioCardia, Inc|BCLI - Brainstorm Cell Therapeutics In|BCML - BayCom Corp|BCOV - Brightcove Inc|BCOW - 1895 Bancorp of Wisconsin, Inc|BCPC - Balchem Corporation|BCRX - BioCryst Pharmaceuticals, Inc|BCTX - BriaCell Therapeutics Corp|BCYC - Bicycle Therapeutics plc|BDRX - Biodexa Pharmaceuticals plc|BDTX - Black Diamond Therapeutics, Inc|BEAM - Beam Therapeutics Inc|BECN - Beacon Roofing Supply, Inc|BEEM - Beam Global|BELFA - Bel Fuse Inc|BELFB - Bel Fuse Inc|BFC - Bank First Corporation|BFI - BurgerFi International Inc|BFIN - BankFinancial Corporation|BFST - Business First Bancshares, Inc|BGC - BGC Group, Inc|BGFV - Big 5 Sporting Goods Corporatio|BGNE - BeiGene, Ltd|BHAT - Blue Hat Interactive Entertainm|BHF - Brighthouse Financial, Inc|BHFAO - Brighthouse Financial, Inc  D|BHFAP - Brighthouse Financial, Inc  D|BHRB - Burke & Herbert Financial Servi|BIDU - Baidu, Inc|BIIB - Biogen Inc|BILI - Bilibili Inc|BIOR - Biora Therapeutics, Inc|BIOX - Bioceres Crop Solutions Corp|BITF - Bitfarms Ltd|BJRI - BJ's Restaurants, Inc|BKNG - Booking Holdings Inc Common St|BKR - Baker Hughes Company|BKYI - BIOkey International, Inc|BL - BlackLine, Inc|BLBD - Blue Bird Corporation|BLBX - Blackboxstocks Inc|BLDE - Blade Air Mobility, Inc|BLDP - Ballard Power Systems, Inc|BLFS - BioLife Solutions, Inc|BLIN - Bridgeline Digital, Inc|BLKB - Blackbaud, Inc|BLMN - Bloomin' Brands, Inc|BLNK - Blink Charging Co|BLRX - BioLineRx Ltd|BLUE - bluebird bio, Inc|BMRA - Biomerica, Inc|BMRC - Bank of Marin Bancorp|BMRN - BioMarin Pharmaceutical Inc|BNGO - Bionano Genomics, Inc|BNR - Burning Rock Biotech Limited|BNTC - Benitec Biopharma Inc|BNTX - BioNTech SE|BOKF - BOK Financial Corporation|BOOM - DMC Global Inc|BOSC - BOS Better Online Solutions|BOTJ - Bank of the James Financial Gro|BOXL - Boxlight Corporation|BPMC - Blueprint Medicines Corporation|BPOP - Popular, Inc|BPRN - Princeton Bancorp, Inc|BPTH - BioPath Holdings, Inc|BPYPN - Brookfield Property Partners L|BPYPO - Brookfield Property Partners L|BPYPP - Brookfield Property Partners L|BRAG - Bragg Gaming Group Inc|BRFH - Barfresh Food Group Inc|BRID - Bridgford Foods Corporation|BRKL - Brookline Bancorp, Inc|BRKR - Bruker Corporation|BROG - Brooge Energy Limited|BRTX - BioRestorative Therapies, Inc|BRY - Berry Corporation (bry)|BSBK - Bogota Financial Corp|BSET - Bassett Furniture Industries, I|BSFC - Blue Star Foods Corp|BSRR - Sierra Bancorp|BSVN - Bank7 Corp|BTAI - BioXcel Therapeutics, Inc|BTBT - Bit Digital, Inc|BTCS - BTCS Inc|BTCT - BTC Digital Ltd|BTOG - Bit Origin Limited|BUSE - First Busey Corporation|BVFL - BV Financial, Inc|BWAY - Brainsway Ltd|BWB - Bridgewater Bancshares, Inc|BWEN - Broadwind, Inc|BWFG - Bankwell Financial Group, Inc|BWIN - The Baldwin Insurance Group, In|BYFC - Broadway Financial Corporation|BYND - Beyond Meat, Inc|BYRN - Byrna Technologies, Inc|BYSI - BeyondSpring, Inc|BYU - BAIYU Holdings, Inc|BZUN - Baozun Inc|CAAS - China Automotive Systems, Inc|CABA - Cabaletta Bio, Inc|CAC - Camden National Corporation|CACC - Credit Acceptance Corporation|CAKE - The Cheesecake Factory Incorpor|CALM - CalMaine Foods, Inc|CALT - Calliditas Therapeutics AB|CAMT - Camtek Ltd|CAN - Canaan Inc|CAPR - Capricor Therapeutics, Inc|CAR - Avis Budget Group, Inc|CARA - Cara Therapeutics, Inc|CARE - Carter Bankshares, Inc|CARG - CarGurus, Inc|CARM - Carisma Therapeutics, Inc|CARV - Carver Bancorp, Inc|CASH - Pathward Financial, Inc|CASI - CASI Pharmaceuticals, Inc|CASS - Cass Information Systems, Inc|CASY - Caseys General Stores, Inc|CATY - Cathay General Bancorp|CBAN - Colony Bankcorp, Inc|CBAT - CBAK Energy Technology, Inc|CBFV - CB Financial Services, Inc|CBNK - Capital Bancorp, Inc|CBRL - Cracker Barrel Old Country Stor|CBSH - Commerce Bancshares, Inc|CBUS - Cibus, Inc|CCAP - Crescent Capital BDC, Inc|CCB - Coastal Financial Corporation|CCBG - Capital City Bank Group|CCD - Calamos Dynamic Convertible & I|CCEP - CocaCola Europacific Partners |CCLD - CareCloud, Inc|CCLDP - CareCloud, Inc  11% Series A |CCNE - CNB Financial Corporation|CCOI - Cogent Communications Holdings,|CCRN - Cross Country Healthcare, Inc|CDLX - Cardlytics, Inc Common Stock|CDMO - Avid Bioservices, Inc|CDNA - CareDx, Inc|CDNS - Cadence Design Systems, Inc|CDTX - Cidara Therapeutics, Inc|CDW - CDW Corporation|CDXC - ChromaDex Corporation|CDXS - Codexis, Inc|CDZI - Cadiz, Inc|CEAD - CEA Industries Inc|CECO - CECO Environmental Corp|CELC - Celcuity Inc|CELH - Celsius Holdings, Inc|CELU - Celularity Inc|CELZ - Creative Medical Technology Hol|CENN - Cenntro Inc|CENT - Central Garden & Pet Company|CENTA - Central Garden & Pet Company|CENX - Century Aluminum Company|CERS - Cerus Corporation|CETX - Cemtrex Inc|CEVA - CEVA, Inc|CFB - CrossFirst Bankshares, Inc|CFBK - CF Bankshares Inc|CFFI - C&F Financial Corporation|CFFN - Capitol Federal Financial, Inc|CG - The Carlyle Group Inc|CGBD - Carlyle Secured Lending, Inc|CGC - Canopy Growth Corporation|CGEN - Compugen Ltd|CGNX - Cognex Corporation|CGO - Calamos Global Total Return Fun|CHCI - Comstock Holding Companies, Inc|CHCO - City Holding Company|CHDN - Churchill Downs, Incorporated|CHEF - The Chefs' Warehouse, Inc|CHEK - CheckCap Ltd|CHI - Calamos Convertible Opportuniti|CHKP - Check Point Software Technologi|CHMG - Chemung Financial Corp|CHNR - China Natural Resources, Inc|CHR - Cheer Holding, Inc|CHRD - Chord Energy Corporation|CHRS - Coherus BioSciences, Inc|CHRW - CH Robinson Worldwide, Inc|CHSCL - CHS Inc|CHSCM - CHS Inc|CHSCN - CHS Inc  Preferred|CHSCO - CHS Inc|CHSCP - CHS Inc  8%  Cumulative Redeem|CHTR - Charter Communications, Inc|CHUY - Chuy's Holdings, Inc|CHW - Calamos Global Dynamic Income F|CHX - ChampionX Corporation|CHY - Calamos Convertible and High In|CIGI - Colliers International Group In|CINF - Cincinnati Financial Corporatio|CIVB - Civista Bancshares, Inc|CJJD - China JoJo Drugstores, Inc|CKPT - Checkpoint Therapeutics, Inc|CLAR - Clarus Corporation|CLBK - Columbia Financial, Inc|CLDX - Celldex Therapeutics, Inc|CLEU - China Liberal Education Holding|CLFD - Clearfield, Inc|CLGN - CollPlant Biotechnologies Ltd|CLIR - ClearSign Technologies Corporat|CLLS - Cellectis SA|CLMB - Climb Global Solutions, Inc|CLMT - Calumet, Inc|CLNE - Clean Energy Fuels Corp|CLNN - Clene Inc|CLOV - Clover Health Investments, Corp|CLPS - CLPS Incorporation|CLPT - ClearPoint Neuro Inc|CLRB - Cellectar Biosciences, Inc|CLRO - ClearOne, Inc|CLSD - Clearside Biomedical, Inc|CLSK - CleanSpark, Inc|CLWT - Euro Tech Holdings Company Limi|CMBM - Cambium Networks Corporation|CMCO - Columbus McKinnon Corporation|CMCSA - Comcast Corporation|CMCT - Creative Media & Community Trus|CME - CME Group Inc|CMLS - Cumulus Media Inc|CMMB - Chemomab Therapeutics Ltd|CMPR - Cimpress PLC|CMRX - Chimerix, Inc|CMTL - Comtech Telecommunications Corp|CNDT - Conduent Incorporated|CNET - ZW Data Action Technologies Inc|CNFR - Conifer Holdings, Inc|CNOB - ConnectOne Bancorp, Inc|CNSL - Consolidated Communications Hol|CNSP - CNS Pharmaceuticals, Inc|CNTY - Century Casinos, Inc|CNVS - Cineverse Corp|CNXN - PC Connection, Inc|COCP - Cocrystal Pharma, Inc|CODA - Coda Octopus Group, Inc|CODX - CoDiagnostics, Inc|COFS - ChoiceOne Financial Services, I|COGT - Cogent Biosciences, Inc|COHU - Cohu, Inc|COKE - CocaCola Consolidated, Inc|COLB - Columbia Banking System, Inc|COLL - Collegium Pharmaceutical, Inc|COLM - Columbia Sportswear Company|COMM - CommScope Holding Company, Inc|COO - The Cooper Companies, Inc|COOP - Mr Cooper Group Inc|CORT - Corcept Therapeutics Incorporat|COSM - Cosmos Health Inc|COST - Costco Wholesale Corporation|CPB - Campbell Soup Company|CPHC - Canterbury Park Holding Corpora|CPIX - Cumberland Pharmaceuticals Inc|CPRT - Copart, Inc|CPRX - Catalyst Pharmaceuticals, Inc|CPSH - CPS Technologies Corp|CPSS - Consumer Portfolio Services, In|CRAI - CRA International,Inc|CRBP - Corbus Pharmaceuticals Holdings|CRDF - Cardiff Oncology, Inc|CRDL - Cardiol Therapeutics Inc|CREG - Smart Powerr Corp|CRESY - Cresud SACIF y A|CREX - Creative Realities, Inc|CRIS - Curis, Inc|CRMD - CorMedix Inc|CRMT - America's CarMart, Inc|CRNC - Cerence Inc|CRNT - Ceragon Networks Ltd|CRNX - Crinetics Pharmaceuticals, Inc|CRON - Cronos Group Inc Common Share|CROX - Crocs, Inc|CRSP - CRISPR Therapeutics AG|CRTO - Criteo SA|CRUS - Cirrus Logic, Inc|CRVL - CorVel Corp|CRVO - CervoMed Inc|CRVS - Corvus Pharmaceuticals, Inc|CRWD - CrowdStrike Holdings, Inc|CRWS - Crown Crafts, Inc|CSBR - Champions Oncology, Inc|CSCI - COSCIENS Biopharma Inc|CSCO - Cisco Systems, Inc|CSGP - CoStar Group, Inc|CSGS - CSG Systems International, Inc|CSIQ - Canadian Solar Inc|CSPI - CSP Inc|CSQ - Calamos Strategic Total Return |CSTE - Caesarstone Ltd|CSTL - Castle Biosciences, Inc|CSWC - Capital Southwest Corporation|CSWI - CSW Industrials, Inc|CSX - CSX Corporation|CTAS - Cintas Corporation|CTBI - Community Trust Bancorp, Inc|CTHR - Charles & Colvard Ltd|CTLP - Cantaloupe, Inc|CTMX - CytomX Therapeutics, Inc|CTRM - Castor Maritime Inc|CTRN - Citi Trends, Inc|CTSH - Cognizant Technology Solutions |CTSO - Cytosorbents Corporation|CTXR - Citius Pharmaceuticals, Inc|CUBA - The Herzfeld Caribbean Basin Fu|CUE - Cue Biopharma, Inc|CURI - CuriosityStream Inc|CUTR - Cutera, Inc|CVBF - CVB Financial Corporation|CVCO - Cavco Industries, Inc|CVGI - Commercial Vehicle Group, Inc|CVGW - Calavo Growers, Inc|CVLT - Commvault Systems, Inc|CVV - CVD Equipment Corporation|CWBC - Community West Bancshares|CWCO - Consolidated Water Co Ltd|CWST - Casella Waste Systems, Inc|CXDO - Crexendo, Inc|CYBR - CyberArk Software Ltd|CYCC - Cyclacel Pharmaceuticals, Inc|CYCCP - Cyclacel Pharmaceuticals, Inc |CYCN - Cyclerion Therapeutics, Inc|CYRX - CryoPort, Inc|CYTH - Cyclo Therapeutics, Inc|CYTK - Cytokinetics, Incorporated|CYTO - Altamira Therapeutics Ltd|CZFS - Citizens Financial Services, In|CZNC - Citizens & Northern Corp|CZR - Caesars Entertainment, Inc|CZWI - Citizens Community Bancorp, Inc|DADA - Dada Nexus Limited|DAIO - Data I/O Corporation|DAKT - Daktronics, Inc|DARE - Dare Bioscience, Inc|DBVT - DBV Technologies SA|DBX - Dropbox, Inc|DCOM - Dime Community Bancshares, Inc|DCOMP - Dime Community Bancshares, Inc|DCTH - Delcath Systems, Inc|DDOG - Datadog, Inc|DENN - Denny's Corporation|DGICA - Donegal Group, Inc|DGICB - Donegal Group, Inc|DGII - Digi International Inc|DGLY - Digital Ally, Inc|DHC - Diversified Healthcare Trust|DHIL - Diamond Hill Investment Group, |DIOD - Diodes Incorporated|DJCO - Daily Journal Corp (SC)|DKNG - DraftKings Inc|DLHC - DLH Holdings Corp|DLPN - Dolphin Entertainment, Inc|DLTH - Duluth Holdings Inc|DLTR - Dollar Tree, Inc|DMAC - DiaMedica Therapeutics Inc|DMLP - Dorchester Minerals, LP|DMRC - Digimarc Corporation|DNLI - Denali Therapeutics Inc|DNTH - Dianthus Therapeutics, Inc|DOCU - DocuSign, Inc|DOGZ - Dogness (International) Corpora|DOMH - Dominari Holdings Inc|DOMO - Domo, Inc|DOOO - BRP Inc|DORM - Dorman Products, Inc|DOX - Amdocs Limited|DOYU - DouYu International Holdings Li|DRIO - DarioHealth Corp|DRRX - DURECT Corporation|DRS - Leonardo DRS, Inc|DSGR - Distribution Solutions Group, I|DSGX - The Descartes Systems Group Inc|DSWL - Deswell Industries, Inc|DTIL - Precision BioSciences, Inc|DTSS - Datasea Inc|DTST - Data Storage Corporation|DUO - Fangdd Network Group Ltd|DUOT - Duos Technologies Group, Inc|DVAX - Dynavax Technologies Corporatio|DWSN - Dawson Geophysical Company|DXCM - DexCom, Inc|DXLG - Destination XL Group, Inc|DXPE - DXP Enterprises, Inc|DXR - Daxor Corporation|DXYN - The Dixie Group, Inc|DYAI - Dyadic International, Inc|EAST - Eastside Distilling, Inc|EBAY - eBay Inc|EBMT - Eagle Bancorp Montana, Inc|EBTC - Enterprise Bancorp Inc|ECOR - electroCore, Inc|ECPG - Encore Capital Group Inc|EDAP - EDAP TMS SA|EDIT - Editas Medicine, Inc|EDRY - EuroDry Ltd|EDSA - Edesa Biotech, Inc|EDUC - Educational Development Corpora|EEFT - Euronet Worldwide, Inc|EFOI - Energy Focus, Inc|EFSC - Enterprise Financial Services C|EGAN - eGain Corporation|EGBN - Eagle Bancorp, Inc|EGHT - 8x8 Inc|EGIO - Edgio, Inc|EGRX - Eagle Pharmaceuticals, Inc|EH - EHang Holdings Limited|EHTH - eHealth, Inc|EKSO - Ekso Bionics Holdings, Inc|ELDN - Eledon Pharmaceuticals, Inc|ELSE - ElectroSensors, Inc|ELTK - Eltek Ltd|ELVA - Electrovaya Inc|ELVN - Enliven Therapeutics, Inc|EMKR - EMCORE Corporation|EML - Eastern Company (The)|ENG - ENGlobal Corporation|ENLV - Enlivex Therapeutics Ltd|ENPH - Enphase Energy, Inc|ENSC - Ensysce Biosciences, Inc|ENSG - The Ensign Group, Inc|ENTA - Enanta Pharmaceuticals, Inc|ENTG - Entegris, Inc|ENTO - Entero Therapeutics Inc|ENTX - Entera Bio Ltd|ENVB - Enveric Biosciences, Inc|EOLS - Evolus, Inc Common Stock|EPIX - ESSA Pharma Inc|EPSN - Epsilon Energy Ltd|EQ - Equillium, Inc|EQIX - Equinix, Inc|ERIC - Ericsson|ERIE - Erie Indemnity Company|ERII - Energy Recovery, Inc|ERNA - Eterna Therapeutics Inc|ESCA - Escalade, Incorporated|ESEA - Euroseas Ltd|ESGR - Enstar Group Limited|ESGRO - Enstar Group Limited  Deposito|ESGRP - Enstar Group Limited  Deposita|ESLT - Elbit Systems Ltd|ESOA - Energy Services of America Corp|ESPR - Esperion Therapeutics, Inc|ESQ - Esquire Financial Holdings, Inc|ESSA - ESSA Bancorp, Inc|ESTA - Establishment Labs Holdings Inc|ETNB - 89bio, Inc|ETON - Eton Pharmaceuticals, Inc|ETSY - Etsy, Inc|EU - enCore Energy Corp|EVER - EverQuote, Inc|EVGN - Evogene Ltd|EVO - Evotec SE|EVOK - Evoke Pharma, Inc|EVRG - Evergy, Inc|EVTV - Envirotech Vehicles, Inc|EWBC - East West Bancorp, Inc|EXAS - Exact Sciences Corporation|EXC - Exelon Corporation|EXEL - Exelixis, Inc|EXLS - ExlService Holdings, Inc|EXPE - Expedia Group, Inc|EXPI - eXp World Holdings, Inc|EXPO - Exponent, Inc|EXTR - Extreme Networks, Inc|EYE - National Vision Holdings, Inc|EYEN - Eyenovia, Inc|EYPT - EyePoint Pharmaceuticals, Inc|EZPW - EZCORP, Inc|FAMI - Farmmi, Inc Ordinary Shares|FANG - Diamondback Energy, Inc|FANH - Fanhua Inc|FARM - Farmer Brothers Company|FARO - FARO Technologies, Inc|FAST - Fastenal Company|FAT - FAT Brands Inc|FATE - Fate Therapeutics, Inc|FBIO - Fortress Biotech, Inc|FBIOP - Fortress Biotech, Inc  9375%|FBIZ - First Business Financial Servic|FBNC - First Bancorp|FBRX - Forte Biosciences, Inc|FCAP - First Capital, Inc|FCBC - First Community Bankshares, Inc|FCCO - First Community Corporation|FCEL - FuelCell Energy, Inc|FCFS - FirstCash Holdings, Inc|FCNCA - First Citizens BancShares, Inc|FCNCP - First Citizens BancShares, Inc|FCUV - Focus Universal Inc|FDBC - Fidelity D & D Bancorp, Inc|FDUS - Fidus Investment Corporation|FEIM - Frequency Electronics, Inc|FELE - Franklin Electric Co, Inc|FENC - Fennec Pharmaceuticals Inc|FER - Ferrovial SE|FFBC - First Financial Bancorp|FFIC - Flushing Financial Corporation|FFIN - First Financial Bankshares, Inc|FFIV - F5, Inc|FFNW - First Financial Northwest, Inc|FGBI - First Guaranty Bancshares, Inc|FGEN - FibroGen, Inc|FGF - Fundamental Global Inc|FGFPP - Fundamental Global Inc  800%|FHB - First Hawaiian, Inc|FIBK - First Interstate BancSystem, In|FISI - Financial Institutions, Inc|FITB - Fifth Third Bancorp|FITBI - Fifth Third Bancorp  Depositar|FITBO - Fifth Third Bancorp  Depositar|FITBP - Fifth Third Bancorp  Depositar|FIVE - Five Below, Inc|FIVN - Five9, Inc|FIZZ - National Beverage Corp|FKWL - Franklin Wireless Corp|FLEX - Flex Ltd|FLGT - Fulgent Genetics, Inc|FLIC - The First of Long Island Corpor|FLL - Full House Resorts, Inc|FLNT - Fluent, Inc|FLWS - 1800FLOWERSCOM, Inc|FLXS - Flexsteel Industries, Inc|FMAO - Farmers & Merchants Bancorp, In|FMBH - First Mid Bancshares, Inc|FMNB - Farmers National Banc Corp|FNGR - FingerMotion, Inc|FNKO - Funko, Inc|FNLC - First Bancorp, Inc (ME)|FNWB - First Northwest Bancorp|FNWD - Finward Bancorp|FOLD - Amicus Therapeutics, Inc|FONR - Fonar Corporation|FORD - Forward Industries, Inc|FORM - FormFactor, Inc|FORR - Forrester Research, Inc|FORTY - Formula Systems (1985) Ltd|FOSL - Fossil Group, Inc|FOX - Fox Corporation|FOXA - Fox Corporation|FOXF - Fox Factory Holding Corp|FPAY - FlexShopper, Inc|FRAF - Franklin Financial Services Cor|FRBA - First Bank|FRES - Fresh2 Group Limited|FRGT - Freight Technologies, Inc|FRHC - Freedom Holding Corp|FRME - First Merchants Corporation|FRPH - FRP Holdings, Inc|FRPT - Freshpet, Inc|FRST - Primis Financial Corp|FRSX - Foresight Autonomous Holdings L|FSBW - FS Bancorp, Inc|FSEA - First Seacoast Bancorp, Inc|FSFG - First Savings Financial Group, |FSLR - First Solar, Inc|FSTR - LB Foster Company|FSV - FirstService Corporation|FTAI - FTAI Aviation Ltd|FTAIO - FTAI Aviation Ltd  800% Fixe|FTAIP - FTAI Aviation Ltd  825% Fixe|FTDR - frontdoor, inc|FTEK - Fuel Tech, Inc|FTFT - Future FinTech Group Inc|FTLF - FitLife Brands, Inc|FTNT - Fortinet, Inc|FULC - Fulcrum Therapeutics, Inc|FULT - Fulton Financial Corporation|FUNC - First|FUND - Sprott Focus Trust, Inc  Clos|FUSB - First US Bancshares, Inc|FUTU - Futu Holdings Limited|FVCB - FVCBankcorp, Inc|FWONA - Liberty Media Corporation  Ser|FWONK - Liberty Media Corporation  Ser|FWRD - Forward Air Corporation|FXNC - First National Corporation|GABC - German American Bancorp, Inc|GAIA - Gaia, Inc|GAIN - Gladstone Investment Corporatio|GALT - Galectin Therapeutics Inc|GAME - GameSquare Holdings, Inc|GAN - GAN Limited|GASS - StealthGas, Inc|GBDC - Golub Capital BDC, Inc|GBIO - Generation Bio Co|GCBC - Greene County Bancorp, Inc|GCMG - GCM Grosvenor Inc|GCTK - GlucoTrack, Inc|GDC - GD Culture Group Limited|GDEN - Golden Entertainment, Inc|GDS - GDS Holdings Limited|GDYN - Grid Dynamics Holdings, Inc|GECC - Great Elm Capital Corp|GEG - Great Elm Group, Inc|GEN - Gen Digital Inc|GENE - Genetic Technologies Ltd|GEOS - Geospace Technologies Corporati|GERN - Geron Corporation|GEVO - Gevo, Inc|GGAL - Grupo Financiero Galicia SA|GH - Guardant Health, Inc|GHSI - Guardion Health Sciences, Inc|GIFI - Gulf Island Fabrication, Inc|GIGM - GigaMedia Limited|GIII - GIII Apparel Group, LTD|GILD - Gilead Sciences, Inc|GILT - Gilat Satellite Networks Ltd|GLAD - Gladstone Capital Corporation|GLBS - Globus Maritime Limited|GLBZ - Glen Burnie Bancorp|GLDD - Great Lakes Dredge & Dock Corpo|GLMD - Galmed Pharmaceuticals Ltd|GLNG - Golar LNG Limited|GLPG - Galapagos NV|GLPI - Gaming and Leisure Properties, |GLRE - Greenlight Reinsurance, Ltd|GLYC - GlycoMimetics, Inc|GMAB - Genmab A/S|GMGI - Golden Matrix Group, Inc|GNFT - GENFIT SA|GNLN - Greenlane Holdings, Inc|GNPX - Genprex, Inc|GNSS - Genasys Inc|GNTX - Gentex Corporation|GO - Grocery Outlet Holding Corp|GOEV - Canoo Inc|GOGL - Golden Ocean Group Limited|GOGO - Gogo Inc|GOOD - Gladstone Commercial Corporatio|GOODN - Gladstone Commercial Corporatio|GOOG - Alphabet Inc|GOOGL - Alphabet Inc|GORV - Lazydays Holdings, Inc|GOSS - Gossamer Bio, Inc|GPRE - Green Plains, Inc|GPRO - GoPro, Inc|GREE - Greenidge Generation Holdings I|GRFS - Grifols, SA|GRNQ - Greenpro Capital Corp|GRPN - Groupon, Inc|GRTS - Gritstone bio, Inc|GRVY - GRAVITY Co, Ltd|GRWG - GrowGeneration Corp|GRYP - Gryphon Digital Mining, Inc|GSBC - Great Southern Bancorp, Inc|GSHD - Goosehead Insurance, Inc|GSIT - GSI Technology, Inc|GSM - Ferroglobe PLC|GT - The Goodyear Tire & Rubber Comp|GTBP - GT Biopharma, Inc|GTEC - Greenland Technologies Holding |GTHX - G1 Therapeutics, Inc|GTIM - Good Times Restaurants Inc|GTX - Garrett Motion Inc|GURE - Gulf Resources, Inc|GVP - GSE Systems, Inc|GWAV - Greenwave Technology Solutions,|GWRS - Global Water Resources, Inc|GYRE - Gyre Therapeutics, Inc|GYRO - Gyrodyne , LLC|HA - Hawaiian Holdings, Inc|HAFC - Hanmi Financial Corporation|HAIN - The Hain Celestial Group, Inc|HALO - Halozyme Therapeutics, Inc|HAS - Hasbro, Inc|HAYN - Haynes International, Inc|HBAN - Huntington Bancshares Incorpora|HBCP - Home Bancorp, Inc|HBIO - Harvard Bioscience, Inc|HBNC - Horizon Bancorp, Inc|HBT - HBT Financial, Inc|HCAT - Health Catalyst, Inc|HCKT - The Hackett Group, Inc|HCM - HUTCHMED (China) Limited|HCSG - Healthcare Services Group, Inc|HDSN - Hudson Technologies, Inc|HEAR - Turtle Beach Corporation|HEES - H&E Equipment Services, Inc|HELE - Helen of Troy Limited|HEPA - Hepion Pharmaceuticals, Inc|HFBL - Home Federal Bancorp, Inc of L|HFFG - HF Foods Group Inc|HFWA - Heritage Financial Corporation|HGBL - Heritage Global Inc|HHS - Harte Hanks, Inc|HIFS - Hingham Institution for Savings|HIHO - Highway Holdings Limited|HIMX - Himax Technologies, Inc|HIVE - HIVE Digital Technologies Ltd|HLIT - Harmonic Inc|HLNE - Hamilton Lane Incorporated|HMNF - HMN Financial, Inc|HMST - HomeStreet, Inc|HNNA - Hennessy Advisors, Inc|HNRG - Hallador Energy Company|HOFT - Hooker Furnishings Corporation|HOFV - Hall of Fame Resort & Entertain|HOLX - Hologic, Inc|HON - Honeywell International Inc|HONE - HarborOne Bancorp, Inc|HOOK - HOOKIPA Pharma Inc|HOPE - Hope Bancorp, Inc|HOTH - Hoth Therapeutics, Inc|HPH - Highest Performances Holdings I|HPK - HighPeak Energy, Inc|HPKEW - HighPeak Energy, Inc|HQI - HireQuest, Inc|HQY - HealthEquity, Inc|HROW - Harrow, Inc|HRTX - Heron Therapeutics, Inc|HSDT - Helius Medical Technologies, In|HSIC - Henry Schein, Inc|HSII - Heidrick & Struggles Internatio|HSON - Hudson Global, Inc|HST - Host Hotels & Resorts, Inc|HSTM - HealthStream, Inc|HTBI - HomeTrust Bancshares, Inc|HTBK - Heritage Commerce Corp|HTHT - H World Group Limited|HTIA - Healthcare Trust, Inc  7375%|HTLD - Heartland Express, Inc|HTLF - Heartland Financial USA, Inc|HTLFP - Heartland Financial USA, Inc |HUBG - Hub Group, Inc|HUIZ - Huize Holding Limited|HURC - Hurco Companies, Inc|HURN - Huron Consulting Group Inc|HUT - Hut 8 Corp|HWBK - Hawthorn Bancshares, Inc|HWC - Hancock Whitney Corporation|HWKN - Hawkins, Inc|HYMC - Hycroft Mining Holding Corporat|IAC - IAC Inc|IART - Integra LifeSciences Holdings C|IBCP - Independent Bank Corporation|IBKR - Interactive Brokers Group, Inc|IBOC - International Bancshares Corpor|IBRX - ImmunityBio, Inc|IBTX - Independent Bank Group, Inc|ICAD - icad inc|ICCC - ImmuCell Corporation|ICCH - ICC Holdings, Inc|ICFI - ICF International, Inc|ICHR - Ichor Holdings|ICLK - iClick Interactive Asia Group L|ICLR - ICON plc|ICMB - Investcorp Credit Management BD|ICUI - ICU Medical, Inc|IDCC - InterDigital, Inc|IDN - Intellicheck, Inc|IDXX - IDEXX Laboratories, Inc|IDYA - IDEAYA Biosciences, Inc|IEP - Icahn Enterprises LP  Deposi|IESC - IES Holdings, Inc|IFRX - InflaRx NV|IGIC - International General Insurance|IGMS - IGM Biosciences, Inc|IHRT - iHeartMedia, Inc|III - Information Services Group, Inc|IIIV - i3 Verticals, Inc|ILMN - Illumina, Inc|ILPT - Industrial Logistics Properties|IMAB - IMAB|IMCC - IM Cannabis Corp|IMKTA - Ingles Markets, Incorporated|IMMP - Immutep Limited|IMMR - Immersion Corporation|IMNN - Imunon, Inc|IMOS - ChipMOS TECHNOLOGIES INC|IMRN - Immuron Limited|IMTE - Integrated Media Technology Lim|IMTX - Immatics NV|IMUX - Immunic, Inc|IMVT - Immunovant, Inc|IMXI - International Money Express, In|INBK - First Internet Bancorp|INCR - Intercure Ltd|INCY - Incyte Corporation|INDB - Independent Bank Corp|INDI - indie Semiconductor, Inc|INDP - Indaptus Therapeutics, Inc|INDV - Indivior PLC|INFN - Infinera Corporation|INGN - Inogen, Inc|INM - InMed Pharmaceuticals Inc|INMB - INmune Bio Inc|INMD - InMode Ltd|INO - Inovio Pharmaceuticals, Inc|INOD - Innodata Inc|INSE - Inspired Entertainment, Inc|INSG - Inseego Corp|INSM - Insmed Incorporated|INTC - Intel Corporation|INTG - The Intergroup Corporation|INTU - Intuit Inc|INTZ - Intrusion Inc|INVA - Innoviva, Inc|INVE - Identiv, Inc|IONS - Ionis Pharmaceuticals, Inc|IOSP - Innospec Inc|IOVA - Iovance Biotherapeutics, Inc|IPA - ImmunoPrecise Antibodies Ltd|IPAR - Inter Parfums, Inc|IPDN - Professional Diversity Network,|IPGP - IPG Photonics Corporation|IPHA - Innate Pharma SA|IPWR - Ideal Power Inc|IQ - iQIYI, Inc|IRBT - iRobot Corporation|IRDM - Iridium Communications Inc|IRIX - IRIDEX Corporation|IRMD - iRadimed Corporation|IROQ - IF Bancorp, Inc|IRTC - iRhythm Technologies, Inc|IRWD - Ironwood Pharmaceuticals, Inc|ISRG - Intuitive Surgical, Inc|ISSC - Innovative Solutions and Suppor|ISTR - Investar Holding Corporation|ITCI - IntraCellular Therapies Inc|ITI - Iteris, Inc|ITIC - Investors Title Company|ITRI - Itron, Inc|ITRM - Iterum Therapeutics plc|ITRN - Ituran Location and Control Ltd|IVAC - Intevac, Inc|IVDA - Iveda Solutions, Inc|IZEA - IZEA Worldwide, Inc|JACK - Jack In The Box Inc|JAGX - Jaguar Health, Inc|JAKK - JAKKS Pacific, Inc|JAZZ - Jazz Pharmaceuticals plc|JBHT - JB Hunt Transport Services, I|JBLU - JetBlue Airways Corporation|JBSS - John B Sanfilippo & Son, Inc|JCTCF - JewettCameron Trading Company|JD - JDcom, Inc|JFIN - Jiayin Group Inc|JFU - 9F Inc|JG - Aurora Mobile Limited|JJSF - J & J Snack Foods Corp|JKHY - Jack Henry & Associates, Inc|JMSB - John Marshall Bancorp, Inc|JOUT - Johnson Outdoors Inc|JRSH - Jerash Holdings (US), Inc|JRVR - James River Group Holdings, Ltd|JSPR - Jasper Therapeutics, Inc|JVA - Coffee Holding Co, Inc|JXJT - JX Luxventure Limited|JYNT - The Joint Corp|KA - Kineta, Inc|KALA - KALA BIO, Inc|KALU - Kaiser Aluminum Corporation|KALV - KalVista Pharmaceuticals, Inc|KC - Kingsoft Cloud Holdings Limited|KDP - Keurig Dr Pepper Inc|KE - Kimball Electronics, Inc|KELYA - Kelly Services, Inc|KELYB - Kelly Services, Inc|KEQU - Kewaunee Scientific Corporation|KFFB - Kentucky First Federal Bancorp|KGEI - Kolibri Global Energy Inc|KHC - The Kraft Heinz Company|KIDS - OrthoPediatrics Corp|KINS - Kingstone Companies, Inc|KIRK - Kirkland's, Inc|KLAC - KLA Corporation|KLIC - Kulicke and Soffa Industries, I|KLXE - KLX Energy Services Holdings, I|KMDA - Kamada Ltd|KNDI - Kandi Technologies Group, Inc|KNSA - Kiniksa Pharmaceuticals, Ltd|KOD - Kodiak Sciences Inc|KOPN - Kopin Corporation|KOSS - Koss Corporation|KPLT - Katapult Holdings, Inc|KPRX - Kiora Pharmaceuticals, Inc|KPTI - Karyopharm Therapeutics Inc|KRKR - 36Kr Holdings Inc|KRMD - KORU Medical Systems, Inc|KRNT - Kornit Digital Ltd|KRNY - Kearny Financial|KROS - Keros Therapeutics, Inc|KRRO - Korro Bio, Inc|KRUS - Kura Sushi USA, Inc|KRYS - Krystal Biotech, Inc|KTCC - Key Tronic Corporation|KTOS - Kratos Defense & Security Solut|KTRA - Kintara Therapeutics, Inc|KURA - Kura Oncology, Inc|KVHI - KVH Industries, Inc|KXIN - Kaixin Holdings|KZIA - Kazia Therapeutics Limited|KZR - Kezar Life Sciences, Inc|LAB - Standard BioTools Inc|LAKE - Lakeland Industries, Inc|LAMR - Lamar Advertising Company|LANC - Lancaster Colony Corporation|LAND - Gladstone Land Corporation|LARK - Landmark Bancorp Inc|LASR - nLIGHT, Inc|LAUR - Laureate Education, Inc|LAZR - Luminar Technologies, Inc|LBRDA - Liberty Broadband Corporation|LBRDK - Liberty Broadband Corporation|LBTYA - Liberty Global Ltd|LBTYB - Liberty Global Ltd|LBTYK - Liberty Global Ltd|LCNB - LCNB Corporation|LCUT - Lifetime Brands, Inc|LDWY - Lendway, Inc|LE - Lands' End, Inc|LECO - Lincoln Electric Holdings, Inc|LEDS - SemiLEDS Corporation|LEE - Lee Enterprises, Incorporated|LEGH - Legacy Housing Corporation|LEGN - Legend Biotech Corporation|LFCR - Lifecore Biomedical, Inc|LFLY - Leafly Holdings, Inc|LFMD - LifeMD, Inc|LFUS - Littelfuse, Inc|LFVN - Lifevantage Corporation|LFWD - ReWalk Robotics Ltd|LGHL - Lion Group Holding Ltd|LGIH - LGI Homes, Inc|LGMK - LogicMark, Inc|LGND - Ligand Pharmaceuticals Incorpor|LGO - Largo Inc|LILA - Liberty Latin America Ltd|LILAK - Liberty Latin America Ltd|LIN - Linde plc|LINC - Lincoln Educational Services Co|LIND - Lindblad Expeditions Holdings I|LINK - Interlink Electronics, Inc|LIQT - LiqTech International, Inc|LITE - Lumentum Holdings Inc|LIVE - Live Ventures Incorporated|LIVN - LivaNova PLC|LIXT - Lixte Biotechnology Holdings, I|LKCO - Luokung Technology Corp|LKFN - Lakeland Financial Corporation|LKQ - LKQ Corporation|LMAT - LeMaitre Vascular, Inc|LMB - Limbach Holdings, Inc|LMFA - LM Funding America, Inc|LMNR - Limoneira Co|LNT - Alliant Energy Corporation|LNTH - Lantheus Holdings, Inc|LNW - Light & Wonder, Inc|LOAN - Manhattan Bridge Capital, Inc|LOCO - El Pollo Loco Holdings, Inc|LOGI - Logitech International SA  R|LOOP - Loop Industries, Inc|LOPE - Grand Canyon Education, Inc|LOVE - The Lovesac Company|LPCN - Lipocine Inc|LPLA - LPL Financial Holdings Inc|LPRO - Open Lending Corporation|LPSN - LivePerson, Inc|LPTH - LightPath Technologies, Inc|LPTX - Leap Therapeutics, Inc|LQDA - Liquidia Corporation|LQDT - Liquidity Services, Inc|LRCX - Lam Research Corporation|LRFC - Logan Ridge Finance Corporation|LRMR - Larimar Therapeutics, Inc|LSAK - Lesaka Technologies, Inc|LSBK - Lake Shore Bancorp, Inc|LSCC - Lattice Semiconductor Corporati|LSEA - Landsea Homes Corporation|LSTA - Lisata Therapeutics, Inc|LSTR - Landstar System, Inc|LSXMA - Liberty Media Corporation  Ser|LSXMB - Liberty Media Corporation  Ser|LSXMK - Liberty Media Corporation  Ser|LTBR - Lightbridge Corporation|LTRN - Lantern Pharma Inc|LTRX - Lantronix, Inc|LULU - lululemon athletica inc|LUMO - Lumos Pharma, Inc|LUNA - Luna Innovations Incorporated|LVO - LiveOne, Inc|LWAY - Lifeway Foods, Inc|LWLG - Lightwave Logic, Inc|LX - LexinFintech Holdings Ltd|LXRX - Lexicon Pharmaceuticals, Inc|LYFT - Lyft, Inc|LYRA - Lyra Therapeutics, Inc|LYTS - LSI Industries Inc|MANH - Manhattan Associates, Inc|MAPS - WM Technology, Inc|MAR - Marriott International|MARA - Marathon Digital Holdings, Inc|MARPS - 3273|MASI - Masimo Corporation|MAT - Mattel, Inc|MATH - Metalpha Technology Holding Lim|MATW - Matthews International Corporat|MAYS - J W Mays, Inc|MBCN - Middlefield Banc Corp|MBIN - Merchants Bancorp|MBINO - Merchants Bancorp  Depositary |MBIO - Mustang Bio, Inc|MBNKP - Medallion Bank  FixedtoFloat|MBOT - Microbot Medical Inc|MBRX - Moleculin Biotech, Inc|MBUU - Malibu Boats, Inc|MBWM - Mercantile Bank Corporation|MCBS - MetroCity Bankshares, Inc|MCFT - MasterCraft Boat Holdings, Inc|MCHP - Microchip Technology Incorporat|MCHX - Marchex, Inc|MCRB - Seres Therapeutics, Inc|MCRI - Monarch Casino & Resort, Inc|MCVT - Mill City Ventures III, Ltd|MDB - MongoDB, Inc|MDGL - Madrigal Pharmaceuticals, Inc|MDIA - Mediaco Holding Inc|MDJH - MDJM LTD|MDLZ - Mondelez International, Inc|MDRR - Medalist Diversified REIT, Inc|MDRRP - Medalist Diversified REIT, Inc|MDWD - MediWound Ltd|MDXG - MiMedx Group, Inc|MEDP - Medpace Holdings, Inc|MEDS - TRxADE HEALTH, Inc|MEIP - MEI Pharma, Inc|MELI - MercadoLibre, Inc|MEOH - Methanex Corporation|MERC - Mercer International Inc|MESA - Mesa Air Group, Inc|MESO - Mesoblast Limited|META - Meta Platforms, Inc|METC - Ramaco Resources, Inc|MFH - Mercurity Fintech Holding Inc |MFIC - MidCap Financial Investment Cor|MFIN - Medallion Financial Corp|MGEE - MGE Energy Inc|MGIC - Magic Software Enterprises Ltd|MGNI - Magnite, Inc|MGNX - MacroGenics, Inc|MGPI - MGP Ingredients, Inc|MGRC - McGrath RentCorp|MGTX - MeiraGTx Holdings plc|MGYR - Magyar Bancorp, Inc|MHLD - Maiden Holdings, Ltd|MICS - The Singing Machine Company, In|MIDD - The Middleby Corporation|MIGI - Mawson Infrastructure Group Inc|MIND - MIND Technology, Inc|MINDP - MIND Technology, Inc  Series |MIRM - Mirum Pharmaceuticals, Inc|MIST - Milestone Pharmaceuticals Inc|MITK - Mitek Systems, Inc|MKSI - MKS Instruments, Inc|MKTX - MarketAxess Holdings, Inc|MLAB - Mesa Laboratories, Inc|MLCO - Melco Resorts & Entertainment L|MLKN - MillerKnoll, Inc|MMLP - Martin Midstream Partners LP|MMSI - Merit Medical Systems, Inc|MMYT - MakeMyTrip Limited|MNDO - MIND CTI Ltd|MNKD - MannKind Corporation|MNMD - Mind Medicine (MindMed) Inc|MNOV - MediciNova, Inc|MNPR - Monopar Therapeutics Inc|MNRO - Monro, Inc|MNSB - MainStreet Bancshares, Inc|MNST - Monster Beverage Corporation|MNTS - Momentus Inc|MNTX - Manitex International, Inc|MODV - ModivCare Inc|MOFG - MidWestOne Financial Group, Inc|MOGO - Mogo Inc|MOMO - Hello Group Inc|MORN - Morningstar, Inc|MPAA - Motorcar Parts of America, Inc|MPB - Mid Penn Bancorp|MPWR - Monolithic Power Systems, Inc|MRAM - Everspin Technologies, Inc|MRBK - Meridian Corporation|MRCC - Monroe Capital Corporation|MRCY - Mercury Systems Inc|MREO - Mereo BioPharma Group plc|MRIN - Marin Software Incorporated|MRKR - Marker Therapeutics, Inc|MRNA - Moderna, Inc|MRNS - Marinus Pharmaceuticals, Inc|MRSN - Mersana Therapeutics, Inc|MRTN - Marten Transport, Ltd|MRUS - Merus NV|MRVL - Marvell Technology, Inc|MSBI - Midland States Bancorp, Inc|MSEX - Middlesex Water Company|MSFT - Microsoft Corporation|MSTR - MicroStrategy Incorporated|MTC - MMTec, Inc|MTCH - Match Group, Inc|MTEM - Molecular Templates, Inc|MTEX - Mannatech, Incorporated|MTLS - Materialise NV|MTRX - Matrix Service Company|MTSI - MACOM Technology Solutions Hold|MU - Micron Technology, Inc|MULN - Mullen Automotive, Inc|MVBF - MVB Financial Corp|MVIS - Microvision, Inc|MVST - Microvast Holdings, Inc|MXL - MaxLinear, Inc|MYFW - First Western Financial, Inc|MYGN - Myriad Genetics, Inc|MYRG - MYR Group, Inc|MYSZ - My Size, Inc|NAAS - Naas Technology Inc|NAII - Natural Alternatives Internatio|NAOV - NanoVibronix, Inc|NARI - Inari Medical, Inc|NATH - Nathan's Famous, Inc|NATR - Nature's Sunshine Products, Inc|NAVI - Navient Corporation|NBIX - Neurocrine Biosciences, Inc|NBN - Northeast Bank|NBTB - NBT Bancorp Inc|NCMI - National CineMedia, Inc|NCNA - NuCana plc|NCPL - Netcapital Inc|NCSM - NCS Multistage Holdings, Inc|NCTY - The9 Limited  American Deposit|NDAQ - Nasdaq, Inc|NDLS - Noodles & Company|NDRA - ENDRA Life Sciences Inc|NDSN - Nordson Corporation|NECB - NorthEast Community Bancorp, In|NEGG - Newegg Commerce, Inc|NEO - NeoGenomics, Inc|NEOG - Neogen Corporation|NEON - Neonode Inc|NEOV - NeoVolta Inc|NEPH - Nephros, Inc|NERV - Minerva Neurosciences, Inc|NEWT - NewtekOne, Inc|NEXT - NextDecade Corporation|NFBK - Northfield Bancorp, Inc|NFE - New Fortress Energy Inc|NFLX - Netflix, Inc|NGNE - Neurogene Inc|NHTC - Natural Health Trends Corp  C|NICE - NICE Ltd|NICK - Nicholas Financial, Inc|NISN - NiSun Intl Enterprise Developme|NITO - N2OFF, Inc|NIU - Niu Technologies|NKLA - Nikola Corporation|NKSH - National Bankshares, Inc|NKTR - Nektar Therapeutics|NMFC - New Mountain Finance Corporatio|NMIH - NMI Holdings Inc|NMRK - Newmark Group, Inc|NMTC - NeuroOne Medical Technologies C|NNBR - NN, Inc|NNDM - Nano Dimension Ltd|NODK - NI Holdings, Inc|NOTV - Inotiv, Inc|NOVT - Novanta Inc|NRBO - NeuroBo Pharmaceuticals, Inc|NRC - National Research Corporation|NRIM - Northrim BanCorp Inc|NRXP - NRX Pharmaceuticals, Inc|NSIT - Insight Enterprises, Inc|NSPR - InspireMD Inc|NSSC - NAPCO Security Technologies, In|NSYS - Nortech Systems Incorporated|NTAP - NetApp, Inc|NTBL - Notable Labs, Ltd|NTCT - NetScout Systems, Inc|NTES - NetEase, Inc|NTGR - NETGEAR, Inc|NTIC - Northern Technologies Internati|NTLA - Intellia Therapeutics, Inc|NTNX - Nutanix, Inc|NTRA - Natera, Inc|NTRP - NextTrip, Inc|NTRS - Northern Trust Corporation|NTRSO - Northern Trust Corporation  De|NTWK - NETSOL Technologies Inc|NURO - NeuroMetrix, Inc|NUWE - Nuwellis, Inc|NUZE - NuZee, Inc|NVAX - Novavax, Inc|NVCR - NovoCure Limited|NVDA - NVIDIA Corporation|NVEC - NVE Corporation|NVEE - NV5 Global, Inc|NVFY - Nova Lifestyle, Inc|NVMI - Nova Ltd|NVNO - enVVeno Medical Corporation|NVVE - Nuvve Holding Corp|NWBI - Northwest Bancshares, Inc|NWE - NorthWestern Energy Group, Inc|NWFL - Norwood Financial Corp|NWL - Newell Brands Inc|NWPX - Northwest Pipe Company|NWS - News Corporation|NWSA - News Corporation|NWTN - NWTN Inc|NXPI - NXP Semiconductors NV|NXPL - NextPlat Corp|NXST - Nexstar Media Group, Inc|NXTC - NextCure, Inc|NYMT - New York Mortgage Trust, Inc|NYMTM - New York Mortgage Trust, Inc |NYMTN - New York Mortgage Trust, Inc |OBLG - Oblong Inc|OBT - Orange County Bancorp, Inc|OCC - Optical Cable Corporation|OCCI - OFS Credit Company, Inc|OCFC - OceanFirst Financial Corp|OCFCP - OceanFirst Financial Corp  De|OCGN - Ocugen, Inc|OCSL - Oaktree Specialty Lending Corpo|OCUL - Ocular Therapeutix, Inc|OCUP - Ocuphire Pharma, Inc|OCX - OncoCyte Corporation|ODFL - Old Dominion Freight Line, Inc|ODP - The ODP Corporation|OESX - Orion Energy Systems, Inc|OFIX - Orthofix Medical Inc|OFLX - Omega Flex, Inc|OFS - OFS Capital Corporation|OGI - Organigram Holdings Inc|OKTA - Okta, Inc|OLB - The OLB Group, Inc|OLED - Universal Display Corporation|OLLI - Ollie's Bargain Outlet Holdings|OMAB - Grupo Aeroportuario del Centro |OMCL - Omnicell, Inc|OMER - Omeros Corporation|OMEX - Odyssey Marine Exploration, Inc|ON - ON Semiconductor Corporation|ONB - Old National Bancorp|ONBPO - Old National Bancorp  Deposita|ONBPP - Old National Bancorp  Deposita|ONCT - Oncternal Therapeutics, Inc|ONCY - Oncolytics Biotech Inc|ONEW - OneWater Marine Inc|ONVO - Organovo Holdings, Inc|OPBK - OP Bancorp|OPCH - Option Care Health, Inc|OPEN - Opendoor Technologies Inc|OPHC - OptimumBank Holdings, Inc|OPI - Office Properties Income Trust|OPK - Opko Health, Inc|OPOF - Old Point Financial Corporation|OPRA - Opera Limited|OPRT - Oportun Financial Corporation|OPRX - OptimizeRx Corporation|OPTN - OptiNose, Inc|OPXS - Optex Systems Holdings, Inc|ORGO - Organogenesis Holdings Inc|ORGS - Orgenesis Inc|ORIC - Oric Pharmaceuticals, Inc|ORLY - O'Reilly Automotive, Inc|ORMP - Oramed Pharmaceuticals Inc|ORRF - Orrstown Financial Services Inc|OSBC - Old Second Bancorp, Inc|OSIS - OSI Systems, Inc|OSPN - OneSpan Inc|OSS - One Stop Systems, Inc|OSUR - OraSure Technologies, Inc|OSW - OneSpaWorld Holdings Limited|OTEX - Open Text Corporation|OTLK - Outlook Therapeutics, Inc|OTRK - Ontrak, Inc|OTTR - Otter Tail Corporation|OVBC - Ohio Valley Banc Corp|OVID - Ovid Therapeutics Inc|OVLY - Oak Valley Bancorp (CA)|OXBR - Oxbridge Re Holdings Limited|OXLC - Oxford Lane Capital Corp|OXLCP - Oxford Lane Capital Corp  62|OXSQ - Oxford Square Capital Corp|OZK - Bank OZK|PAA - Plains All American Pipeline, L|PACB - Pacific Biosciences of Californ|PAGP - Plains GP Holdings, LP|PAHC - Phibro Animal Health Corporatio|PALI - Palisade Bio, Inc|PALT - Paltalk, Inc|PANL - Pangaea Logistics Solutions Ltd|PANW - Palo Alto Networks, Inc|PARA - Paramount Global|PARAA - Paramount Global|PASG - Passage Bio, Inc|PATK - Patrick Industries, Inc|PAVM - PAVmed Inc|PAVS - Paranovus Entertainment Technol|PAYS - Paysign, Inc|PAYX - Paychex, Inc|PBFS - Pioneer Bancorp, Inc|PBHC - Pathfinder Bancorp, Inc|PBPB - Potbelly Corporation|PBYI - Puma Biotechnology Inc|PCAR - PACCAR Inc|PCB - PCB Bancorp|PCH - PotlatchDeltic Corporation  Co|PCRX - Pacira BioSciences, Inc|PCSA - Processa Pharmaceuticals, Inc|PCTTU - PureCycle Technologies, Inc|PCTY - Paylocity Holding Corporation|PCVX - Vaxcyte, Inc|PCYO - Pure Cycle Corporation|PDCO - Patterson Companies, Inc|PDD - PDD Holdings Inc|PDEX - ProDex, Inc|PDFS - PDF Solutions, Inc|PDLB - Ponce Financial Group, Inc|PDSB - PDS Biotechnology Corporation|PEBK - Peoples Bancorp of North Caroli|PEBO - Peoples Bancorp Inc|PEGA - Pegasystems Inc|PEGY - Pineapple Energy Inc|PENN - PENN Entertainment, Inc|PEP - Pepsico, Inc|PERI - Perion Network Ltd|PESI - PermaFix Environmental Service|PETQ - PetIQ, Inc|PETS - PetMed Express, Inc|PETZ - TDH Holdings, Inc|PFBC - Preferred Bank|PFC - Premier Financial Corp|PFG - Principal Financial Group Inc|PFIE - Profire Energy, Inc|PFIS - Peoples Financial Services Corp|PFMT - Performant Financial Corporatio|PFX - PhenixFIN Corporation|PGC - PeapackGladstone Financial Cor|PGEN - Precigen, Inc|PGNY - Progyny, Inc|PHAT - Phathom Pharmaceuticals, Inc|PHIO - Phio Pharmaceuticals Corp|PHUN - Phunware, Inc|PI - Impinj, Inc|PINC - Premier, Inc|PIRS - Pieris Pharmaceuticals, Inc|PIXY - ShiftPixy, Inc|PKBK - Parke Bancorp, Inc|PKOH - ParkOhio Holdings Corp|PLAB - Photronics, Inc|PLAY - Dave & Buster's Entertainment, |PLBC - Plumas Bancorp|PLCE - Children's Place, Inc (The)|PLL - Piedmont Lithium Inc|PLMR - Palomar Holdings, Inc|PLPC - Preformed Line Products Company|PLRX - Pliant Therapeutics, Inc|PLSE - Pulse Biosciences, Inc|PLUG - Plug Power, Inc|PLUR - Pluri Inc|PLUS - ePlus inc|PLXS - Plexus Corp|PLYA - Playa Hotels & Resorts NV|PMCB - PharmaCyte  Biotech, Inc|PMD - Psychemedics Corporation|PMN - ProMIS Neurosciences Inc|PMTS - CPI Card Group Inc|PNBK - Patriot National Bancorp Inc|PNFP - Pinnacle Financial Partners, In|PNFPP - Pinnacle Financial Partners, In|PNRG - PrimeEnergy Resources Corporati|PNTG - The Pennant Group, Inc|POAI - Predictive Oncology Inc|POCI - Precision Optics Corporation, I|PODD - Insulet Corporation|POET - POET Technologies Inc|POLA - Polar Power, Inc|POOL - Pool Corporation|POWI - Power Integrations, Inc|POWL - Powell Industries, Inc|POWW - AMMO, Inc|PPBI - Pacific Premier Bancorp Inc|PPBT - Purple Biotech Ltd|PPC - Pilgrim's Pride Corporation|PPIH - PermaPipe International Holdin|PPSI - Pioneer Power Solutions, Inc|PRAA - PRA Group, Inc|PRCH - Porch Group, Inc|PRDO - Perdoceo Education Corporation|PRFT - Perficient, Inc|PRGS - Progress Software Corporation|PROC - Procaps Group, SA|PROF - Profound Medical Corp|PROP - Prairie Operating Co|PROV - Provident Financial Holdings, I|PRPH - ProPhase Labs, Inc|PRPL - Purple Innovation, Inc|PRPO - Precipio, Inc|PRQR - ProQR Therapeutics NV|PRSO - Peraso Inc|PRTA - Prothena Corporation plc|PRTG - Portage Biotech Inc|PRTH - Priority Technology Holdings, I|PRTS - CarPartscom, Inc|PSEC - Prospect Capital Corporation|PSHG - Performance Shipping Inc|PSMT - PriceSmart, Inc|PSNL - Personalis, Inc|PSTV - PLUS THERAPEUTICS, Inc|PT - Pintec Technology Holdings Limi|PTC - PTC Inc|PTCT - PTC Therapeutics, Inc|PTEN - PattersonUTI Energy, Inc|PTGX - Protagonist Therapeutics, Inc|PTMN - Portman Ridge Finance Corporati|PTON - Peloton Interactive, Inc|PTSI - PAM Transportation Services,|PULM - Pulmatrix, Inc|PVBC - Provident Bancorp, Inc|PWOD - Penns Woods Bancorp, Inc|PXLW - Pixelworks, Inc|PXS - Pyxis Tankers Inc|PYPL - PayPal Holdings, Inc|PZZA - Papa John's International, Inc|QCOM - QUALCOMM Incorporated|QCRH - QCR Holdings, Inc|QDEL - QuidelOrtho Corporation|QFIN - Qifu Technology, Inc|QIPT - Quipt Home Medical Corp|QLGN - Qualigen Therapeutics, Inc|QLYS - Qualys, Inc|QMCO - Quantum Corporation|QNCX - Quince Therapeutics, Inc|QNRX - Quoin Pharmaceuticals, Ltd|QNST - QuinStreet, Inc|QNTM - Quantum Biopharma Ltd|QQQX - Nuveen NASDAQ 100 Dynamic Overw|QRHC - Quest Resource Holding Corporat|QRTEA - Liberty Interactive Corporation|QRTEB - Liberty Interactive Corporation|QRVO - Qorvo, Inc|QTRX - Quanterix Corporation|QTTB - Q32 Bio Inc|QUBT - Quantum Computing Inc|QUIK - QuickLogic Corporation|QURE - uniQure NV|QXO - QXO, Inc|RAIL - Freightcar America, Inc|RAND - Rand Capital Corporation|RAPT - RAPT Therapeutics, Inc|RARE - Ultragenyx Pharmaceutical Inc|RAVE - Rave Restaurant Group, Inc|RBB - RBB Bancorp|RBBN - Ribbon Communications Inc|RBCAA - Republic Bancorp, Inc|RBKB - Rhinebeck Bancorp, Inc|RCAT - Red Cat Holdings, Inc|RCEL - Avita Medical, Inc|RCKT - Rocket Pharmaceuticals, Inc|RCKY - Rocky Brands, Inc|RCM - R1 RCM Inc|RCMT - RCM Technologies, Inc|RCON - Recon Technology, Ltd|RCRT - Recruitercom Group, Inc|RDCM - Radcom Ltd|RDFN - Redfin Corporation|RDHL - Redhill Biopharma Ltd|RDI - Reading International Inc|RDIB - Reading International Inc|RDNT - RadNet, Inc|RDUS - Radius Recycling, Inc|RDVT - Red Violet, Inc|RDWR - Radware Ltd|REAL - The RealReal, Inc|REFR - Research Frontiers Incorporated|REG - Regency Centers Corporation|REGN - Regeneron Pharmaceuticals, Inc|REKR - Rekor Systems, Inc|RELL - Richardson Electronics, Ltd|RENB - Renovaro Inc|RENEW - Cartesian Growth Corporation II|REPL - Replimune Group, Inc|RETO - ReTo EcoSolutions, Inc|REYN - Reynolds Consumer Products Inc|RFIL - RF Industries, Ltd|RGCO - RGC Resources Inc|RGEN - Repligen Corporation|RGLD - Royal Gold, Inc|RGLS - Regulus Therapeutics Inc|RGNX - REGENXBIO Inc|RGP - Resources Connection, Inc|RGS - Regis Corporation|RICK - RCI Hospitality Holdings, Inc|RIGL - Rigel Pharmaceuticals, Inc|RILY - B Riley Financial, Inc|RILYP - B Riley Financial, Inc  Depo|RIOT - Riot Platforms, Inc|RKDA - Arcadia Biosciences, Inc|RLMD - Relmada Therapeutics, Inc|RMBI - Richmond Mutual Bancorporation,|RMBL - RumbleOn, Inc|RMBS - Rambus, Inc|RMCF - Rocky Mountain Chocolate Factor|RMNI - Rimini Street, Inc|RMR - The RMR Group Inc|RMTI - Rockwell Medical, Inc|RNA - Avidity Biosciences, Inc|RNAC - Cartesian Therapeutics, Inc|ROAD - Construction Partners, Inc|ROCK - Gibraltar Industries, Inc|ROIC - Retail Opportunity Investments |ROKU - Roku, Inc|ROP - Roper Technologies, Inc|ROST - Ross Stores, Inc|RPAY - Repay Holdings Corporation|RPD - Rapid7, Inc|RPRX - Royalty Pharma plc|RPTX - Repare Therapeutics Inc|RRBI - Red River Bancshares, Inc|RRGB - Red Robin Gourmet Burgers, Inc|RRR - Red Rock Resorts, Inc|RSLS - ReShape Lifesciences, Inc|RSSS - Research Solutions, Inc|RTC - Baijiayun Group Ltd  Class|RUN - Sunrun Inc|RUSHA - Rush Enterprises, Inc|RUSHB - Rush Enterprises, Inc|RVMD - Revolution Medicines, Inc|RVNC - Revance Therapeutics, Inc|RVPH - Reviva Pharmaceuticals Holdings|RVSB - Riverview Bancorp Inc|RVYL - Ryvyl Inc|RYAAY - Ryanair Holdings plc|RYTM - Rhythm Pharmaceuticals, Inc|RZLT - Rezolute, Inc|SABR - Sabre Corporation|SAFT - Safety Insurance Group, Inc|SAGE - Sage Therapeutics, Inc|SAIA - Saia, Inc|SAIC - Science Applications Internatio|SAMG - Silvercrest Asset Management Gr|SANG - Sangoma Technologies Corporatio|SANM - Sanmina Corporation|SANW - S&W Seed Company|SASR - Sandy Spring Bancorp, Inc|SATS - EchoStar Corporation|SAVA - Cassava Sciences, Inc|SBAC - SBA Communications Corporation|SBCF - Seacoast Banking Corporation of|SBET - SharpLink Gaming, Inc|SBFG - SB Financial Group, Inc|SBGI - Sinclair, Inc|SBLK - Star Bulk Carriers Corp|SBRA - Sabra Health Care REIT, Inc|SBSI - Southside Bancshares, Inc|SBT - Sterling Bancorp, Inc|SBUX - Starbucks Corporation|SCHL - Scholastic Corporation|SCKT - Socket Mobile, Inc|SCNI - Scinai Immunotherapeutics Ltd|SCOR - comScore, Inc|SCPH - scPharmaceuticals Inc|SCSC - ScanSource, Inc|SCVL - Shoe Carnival, Inc|SCWO - 374Water Inc|SCWX - SecureWorks Corp|SCYX - SCYNEXIS, Inc|SDGR - Schrodinger, Inc|SDOT - Sadot Group Inc|SEDG - SolarEdge Technologies, Inc|SEED - Origin Agritech Limited|SEEL - Seelos Therapeutics, Inc|SEIC - SEI Investments Company|SELF - Global Self Storage, Inc|SENEA - Seneca Foods Corp|SENEB - Seneca Foods Corp|SEVN - Seven Hills Realty Trust|SFBC - Sound Financial Bancorp, Inc|SFIX - Stitch Fix, Inc|SFM - Sprouts Farmers Market, Inc|SFNC - Simmons First National Corporat|SFST - Southern First Bancshares, Inc|SGA - Saga Communications, Inc|SGBX - Safe & Green Holdings Corp|SGC - Superior Group of Companies, In|SGH - SMART Global Holdings, Inc|SGLY - Singularity Future Technology L|SGMA - SigmaTron International, Inc|SGML - Sigma Lithium Corporation|SGMO - Sangamo Therapeutics, Inc|SGRP - SPAR Group, Inc|SGRY - Surgery Partners, Inc|SHBI - Shore Bancshares, Inc|SHEN - Shenandoah Telecommunications C|SHIP - Seanergy Maritime Holdings Corp|SHOO - Steven Madden, Ltd|SHYF - The Shyft Group, Inc|SIBN - SIBONE, Inc|SIEB - Siebert Financial Corp|SIFY - Sify Technologies Limited  Ame|SIGA - SIGA Technologies Inc|SIGI - Selective Insurance Group, Inc|SILC - Silicom Ltd|SILK - Silk Road Medical, Inc|SIMO - Silicon Motion Technology Corpo|SINT - SiNtx Technologies, Inc|SIRI - Sirius XM Holdings Inc|SISI - Shineco, Inc|SITM - SiTime Corporation|SJ - Scienjoy Holding Corporation|SKYE - Skye Bioscience, Inc|SKYW - SkyWest, Inc|SLAB - Silicon Laboratories, Inc|SLDB - Solid Biosciences Inc|SLE - Super League Enterprise, Inc|SLGL - SolGel Technologies Ltd|SLM - SLM Corporation|SLMBP - SLM Corporation  Floating Rate|SLNG - Stabilis Solutions, Inc|SLNH - Soluna Holdings, Inc|SLNO - Soleno Therapeutics, Inc|SLP - Simulations Plus, Inc|SLRC - SLR Investment Corp|SLRX - Salarius Pharmaceuticals, Inc|SLS - SELLAS Life Sciences Group, Inc|SMBC - Southern Missouri Bancorp, Inc|SMCI - Super Micro Computer, Inc|SMID - SmithMidland Corporation|SMLR - Semler Scientific, Inc|SMMT - Summit Therapeutics Inc|SMPL - The Simply Good Foods Company|SMSI - Smith Micro Software, Inc|SMTC - Semtech Corporation|SMTI - Sanara MedTech Inc|SNAX - Stryve Foods, Inc|SNBR - Sleep Number Corporation|SNCR - Synchronoss Technologies, Inc|SND - Smart Sand, Inc|SNDL - SNDL Inc|SNDX - Syndax Pharmaceuticals, Inc|SNES - SenesTech, Inc|SNEX - StoneX Group Inc|SNFCA - Security National Financial Cor|SNGX - Soligenix, Inc|SNOA - Sonoma Pharmaceuticals, Inc|SNPS - Synopsys, Inc|SNT - Senstar Technologies Corporatio|SNY - Sanofi|SOBR - SOBR Safe, Inc|SOGP - Sound Group Inc|SOHO - Sotherly Hotels Inc|SOHOB - Sotherly Hotels Inc  80% Ser|SOHON - Sotherly Hotels Inc  825% Se|SOHOO - Sotherly Hotels Inc  7875% S|SOHU - Sohucom Limited|SONM - Sonim Technologies, Inc|SONN - Sonnet BioTherapeutics Holdings|SONO - Sonos, Inc|SOTK - SonoTek Corporation|SOWG - Sow Good Inc|SPCB - SuperCom, Ltd|SPFI - South Plains Financial, Inc|SPI - SPI Energy Co, Ltd|SPNS - Sapiens International Corporati|SPOK - Spok Holdings, Inc|SPRO - Spero Therapeutics, Inc|SPSC - SPS Commerce, Inc|SPT - Sprout Social, Inc|SPTN - SpartanNash Company|SPWH - Sportsman's Warehouse Holdings,|SRCE - 1st Source Corporation|SRCL - Stericycle, Inc|SRDX - Surmodics, Inc|SRPT - Sarepta Therapeutics, Inc|SRRK - Scholar Rock Holding Corporatio|SRTS - Sensus Healthcare, Inc|SSBI - Summit State Bank|SSKN - Strata Skin Sciences, Inc|SSNC - SS&C Technologies Holdings, Inc|SSP - EW Scripps Company (The)|SSRM - SSR Mining Inc|SSSS - SuRo Capital Corp|SSTI - SoundThinking, Inc|SSYS - Stratasys, Ltd|STAA - STAAR Surgical Company|STAF - Staffing 360 Solutions, Inc|STBA - S&T Bancorp, Inc|STCN - Steel Connect, Inc Common Stoc|STGW - Stagwell Inc|STIM - Neuronetics, Inc|STKL - SunOpta, Inc|STKS - The ONE Group Hospitality, Inc|STLD - Steel Dynamics, Inc|STNE - StoneCo Ltd|STOK - Stoke Therapeutics, Inc|STRA - Strategic Education, Inc|STRL - Sterling Infrastructure, Inc|STRM - Streamline Health Solutions, In|STRO - Sutro Biopharma, Inc|STRR - Star Equity Holdings, Inc|STRRP - Star Equity Holdings, Inc  Se|STRS - Stratus Properties Inc|STRT - STRATTEC SECURITY CORPORATION|STX - Seagate Technology Holdings PLC|SUPN - Supernus Pharmaceuticals, Inc|SURG - SurgePays, Inc|SVC - Service Properties Trust  Shar|SVRA - Savara, Inc|SWBI - Smith & Wesson Brands, Inc|SWKH - SWK Holdings Corporation|SWKS - Skyworks Solutions, Inc|SWTX - SpringWorks Therapeutics, Inc|SXTC - China SXT Pharmaceuticals, Inc|SY - SoYoung International Inc  A|SYBT - Stock Yards Bancorp, Inc|SYBX - Synlogic, Inc|SYNA - Synaptics Incorporated|SYPR - Sypris Solutions, Inc|SYRE - Spyre Therapeutics, Inc|SYRS - Syros Pharmaceuticals, Inc|TACT - TransAct Technologies Incorpora|TAIT - Taitron Components Incorporated|TANH - Tantech Holdings Ltd|TAOP - Taoping Inc|TARA - Protara Therapeutics, Inc|TATT - TAT Technologies Ltd|TAYD - Taylor Devices, Inc|TBBK - The Bancorp, Inc|TBNK - Territorial Bancorp Inc|TBPH - Theravance Biopharma, Inc|TBRG - TruBridge, Inc|TC - TuanChe Limited|TCBI - Texas Capital Bancshares, Inc|TCBK - TriCo Bancshares|TCMD - Tactile Systems Technology, Inc|TCOM - Tripcom Group Limited|TCPC - BlackRock TCP Capital Corp|TCRT - Alaunos Therapeutics, Inc|TCTM - TCTM Kids IT Education Inc|TCX - Tucows Inc|TEAM - Atlassian Corporation|TECH - BioTechne Corp|TECTP - Tectonic Financial, Inc  900|TECX - Tectonic Therapeutic, Inc|TELA - TELA Bio, Inc|TENB - Tenable Holdings, Inc|TENX - Tenax Therapeutics, Inc|TER - Teradyne, Inc|TFFP - TFF Pharmaceuticals, Inc|TFIN - Triumph Financial, Inc|TFINP - Triumph Financial, Inc  Depos|TFSL - TFS Financial Corporation|TGTX - TG Therapeutics, Inc|TH - Target Hospitality Corp|THFF - First Financial Corporation Ind|THRM - Gentherm Inc|THRY - Thryv Holdings, Inc|THTX - Theratechnologies Inc|TIGO - Millicom International Cellular|TIGR - UP Fintech Holding Limited|TILE - Interface, Inc|TIPT - Tiptree Inc|TITN - Titan Machinery Inc|TLF - Tandy Leather Factory, Inc|TLPH - Talphera, Inc|TLRY - Tilray Brands, Inc|TLSA - Tiziana Life Sciences Ltd|TMDX - TransMedics Group, Inc|TMUS - TMobile US, Inc|TNDM - Tandem Diabetes Care, Inc|TNFA - TNF Pharmaceuticals, Inc|TNXP - Tonix Pharmaceuticals Holding C|TOI - The Oncology Institute, Inc|TOMZ - TOMI Environmental Solutions, I|TOUR - Tuniu Corporation|TOWN - Towne Bank|TPCS - TechPrecision Corporation|TPIC - TPI Composites, Inc|TPST - Tempest Therapeutics, Inc|TRAW - Traws Pharma, Inc|TREE - LendingTree, Inc|TRIB - Trinity Biotech plc|TRIP - TripAdvisor, Inc|TRMB - Trimble Inc|TRMD - TORM plc|TRMK - Trustmark Corporation|TRNS - Transcat, Inc|TROO - TROOPS, Inc|TROW - T Rowe Price Group, Inc|TRS - TriMas Corporation|TRST - TrustCo Bank Corp NY|TRUE - TrueCar, Inc|TRUP - Trupanion, Inc|TRVG - trivago NV|TRVI - Trevi Therapeutics, Inc|TRVN - Trevena, Inc|TSAT - Telesat Corporation|TSBK - Timberland Bancorp, Inc|TSCO - Tractor Supply Company|TSEM - Tower Semiconductor Ltd|TSLA - Tesla, Inc|TTD - The Trade Desk, Inc|TTEC - TTEC Holdings, Inc|TTEK - Tetra Tech, Inc|TTGT - TechTarget, Inc|TTMI - TTM Technologies, Inc|TTNP - Titan Pharmaceuticals, Inc|TTOO - T2 Biosystems, Inc|TTSH - Tile Shop Holdings, Inc|TTWO - TakeTwo Interactive Software, |TURN - 180 Degree Capital Corp|TUSK - Mammoth Energy Services, Inc|TVTX - Travere Therapeutics, Inc|TW - Tradeweb Markets Inc|TWIN - Twin Disc, Incorporated|TWST - Twist Bioscience Corporation|TXG - 10x Genomics, Inc|TXMD - TherapeuticsMD, Inc|TXN - Texas Instruments Incorporated|TXRH - Texas Roadhouse, Inc|TZOO - Travelzoo|UAL - United Airlines Holdings, Inc|UBCP - United Bancorp, Inc|UBFO - United Security Bancshares|UBSI - United Bankshares, Inc|UBX - Unity Biotechnology, Inc|UCL - uCloudlink Group Inc|UCTT - Ultra Clean Holdings, Inc|UEIC - Universal Electronics Inc|UFCS - United Fire Group, Inc|UFPI - UFP Industries, Inc|UFPT - UFP Technologies, Inc|UG - UnitedGuardian, Inc|UGRO - urbangro, Inc|UK - Ucommune International Ltd|ULBI - Ultralife Corporation|ULH - Universal Logistics Holdings, I|ULTA - Ulta Beauty, Inc|UMBF - UMB Financial Corporation|UNB - Union Bankshares, Inc|UNIT - Uniti Group Inc|UNTY - Unity Bancorp, Inc|UONE - Urban One, Inc|UONEK - Urban One, Inc|UPBD - Upbound Group, Inc|UPLD - Upland Software, Inc|UPWK - Upwork Inc|URBN - Urban Outfitters, Inc|URGN - UroGen Pharma Ltd|USAP - Universal Stainless & Alloy Pro|USAU - US Gold Corp|USEG - US Energy Corp|USIO - Usio, Inc|USLM - United States Lime & Minerals, |UTHR - United Therapeutics Corporation|UTMD - Utah Medical Products, Inc|UTSI - UTStarcom Holdings Corp|UVSP - Univest Financial Corporation|UXIN - Uxin Limited|VABK - Virginia National Bankshares Co|VALU - Value Line, Inc|VANI - Vivani Medical, Inc|VBFC - Village Bank and Trust Financia|VBTX - Veritex Holdings, Inc|VC - Visteon Corporation|VCEL - Vericel Corporation|VCNX - Vaccinex, Inc|VCTR - Victory Capital Holdings, Inc |VCYT - Veracyte, Inc|VECO - Veeco Instruments Inc|VEON - VEON Ltd|VERB - Verb Technology Company, Inc|VERI - Veritone, Inc|VERO - Venus Concept Inc|VERU - Veru Inc|VEV - Vicinity Motor Corp|VFF - Village Farms International, In|VIASP - Via Renewables, Inc  875% Se|VIAV - Viavi Solutions Inc|VICR - Vicor Corporation|VINC - Vincerx Pharma, Inc|VIOT - Viomi Technology Co, Ltd|VIR - Vir Biotechnology, Inc|VIRC - Virco Manufacturing Corporation|VIRT - Virtu Financial, Inc|VIRX - Viracta Therapeutics, Inc|VISL - Vislink Technologies, Inc|VIVK - Vivakor, Inc|VKTX - Viking Therapeutics, Inc|VLGEA - Village Super Market, Inc|VLY - Valley National Bancorp|VLYPO - Valley National Bancorp  55% |VLYPP - Valley National Bancorp  625%|VMD - Viemed Healthcare, Inc|VNDA - Vanda Pharmaceuticals Inc|VNET - VNET Group, Inc|VNOM - Viper Energy, Inc|VOD - Vodafone Group Plc|VOXX - VOXX International Corporation|VRA - Vera Bradley, Inc|VRCA - Verrica Pharmaceuticals Inc|VRDN - Viridian Therapeutics, Inc|VREX - Varex Imaging Corporation|VRM - Vroom, Inc|VRME - VerifyMe, Inc|VRNA - Verona Pharma plc|VRNS - Varonis Systems, Inc|VRNT - Verint Systems Inc|VRRM - Verra Mobility Corporation|VRSK - Verisk Analytics, Inc|VRSN - VeriSign, Inc|VRTX - Vertex Pharmaceuticals Incorpor|VS - Versus Systems Inc|VSAT - ViaSat, Inc|VSEC - VSE Corporation|VSTM - Verastem, Inc|VTGN - VistaGen Therapeutics, Inc|VTNR - Vertex Energy, Inc|VTRS - Viatris Inc|VTSI - VirTra, Inc|VTVT - vTv Therapeutics Inc|VUZI - Vuzix Corporation|VVPR - VivoPower International PLC|VXRT - Vaxart, Inc  Common Stock|VYGR - Voyager Therapeutics, Inc|VYNE - VYNE Therapeutics Inc|WABC - Westamerica Bancorporation|WAFD - WaFd, Inc|WAFU - Wah Fu Education Group Limited|WASH - Washington Trust Bancorp, Inc|WATT - Energous Corporation|WB - Weibo Corporation|WBA - Walgreens Boots Alliance, Inc|WBD - Warner Bros Discovery, Inc  |WDAY - Workday, Inc|WDC - Western Digital Corporation|WDFC - WD40 Company|WEN - Wendy's Company (The)|WERN - Werner Enterprises, Inc|WEYS - Weyco Group, Inc|WFCF - Where Food Comes From, Inc|WHF - WhiteHorse Finance, Inc|WHLM - Wilhelmina International, Inc|WHLR - Wheeler Real Estate Investment |WHLRD - Wheeler Real Estate Investment |WHLRP - Wheeler Real Estate Investment |WILC - G WilliFood International,  L|WIMI - WiMi Hologram Cloud Inc|WINA - Winmark Corporation|WING - Wingstop Inc|WINT - Windtree Therapeutics, Inc|WISA - WiSA Technologies, Inc|WIX - Wixcom Ltd|WKEY - WISeKey International Holding L|WKHS - Workhorse Group, Inc|WKSP - Worksport, Ltd|WLDN - Willdan Group, Inc|WLFC - Willis Lease Finance Corporatio|WMG - Warner Music Group Corp|WMPN - William Penn Bancorporation|WNEB - Western New England Bancorp, In|WORX - SCWorx Corp|WPRT - Westport Fuel Systems Inc|WRAP - Wrap Technologies, Inc|WRLD - World Acceptance Corporation|WSBC - WesBanco, Inc|WSBF - Waterstone Financial, Inc|WSC - WillScot Holdings Corporation|WSFS - WSFS Financial Corporation|WTBA - West Bancorporation|WTFC - Wintrust Financial Corporation|WTFCM - Wintrust Financial Corporation |WTFCP - Wintrust Financial Corporation |WTW - Willis Towers Watson Public Lim|WULF - TeraWulf Inc|WVE - Wave Life Sciences Ltd|WVVI - Willamette Valley Vineyards, In|WVVIP - Willamette Valley Vineyards, In|WW - WW International, Inc|WWD - Woodward, Inc|WYNN - Wynn Resorts, Limited|XAIR - Beyond Air, Inc|XBIO - Xenetic Biosciences, Inc|XBIT - XBiotech Inc|XCUR - Exicure, Inc|XEL - Xcel Energy Inc|XELA - Exela Technologies, Inc|XELB - Xcel Brands, Inc|XENE - Xenon Pharmaceuticals Inc|XERS - Xeris Biopharma Holdings, Inc|XFOR - X4 Pharmaceuticals, Inc|XGN - Exagen Inc|XHG - XChange TECINC|XNCR - Xencor, Inc|XNET - Xunlei Limited|XOMA - XOMA Royalty Corporation|XP - XP Inc|XPEL - XPEL, Inc|XRAY - DENTSPLY SIRONA Inc|XRX - Xerox Holdings Corporation|XTIA - XTI Aerospace, Inc|XTKG - X3 Holdings Co, Ltd|XTLB - XTL Biopharmaceuticals Ltd|XWEL - XWELL, Inc|XXII - 22nd Century Group, Inc|XYLO - Xylo Technologies Ltd|YHGJ - Yunhong Green CTI Ltd|YI - 111, Inc|YJ - Yunji Inc  American Depositor|YMAB - YmAbs Therapeutics, Inc|YORW - The York Water Company|YTRA - Yatra Online, Inc|YY - JOYY Inc|Z - Zillow Group, Inc|ZBRA - Zebra Technologies Corporation|ZCMD - Zhongchao Inc|ZD - Ziff Davis, Inc|ZEUS - Olympic Steel, Inc|ZG - Zillow Group, Inc|ZI - ZoomInfo Technologies Inc|ZION - Zions Bancorporation NA|ZIONO - Zions Bancorporation NA  Dep|ZIONP - Zions Bancorporation NA  Dep|ZKIN - ZK International Group Co, Ltd|ZLAB - Zai Lab Limited|ZM - Zoom Video Communications, Inc|ZNTL - Zentalis Pharmaceuticals, Inc|ZS - Zscaler, Inc|ZTEK - Zentek Ltd|ZUMZ - Zumiez Inc|ZVRA - Zevra Therapeutics, Inc|ZYME - Zymeworks Inc|ZYXI - Zynex, Inc